randid,Month,Number of Readings,Total Days in Month,Percentage of Month (%)
C2S1,2018-08,31,31,100.0
C2S1,2018-09,30,30,100.0
C2S1,2018-10,31,31,100.0
C2S1,2018-11,30,30,100.0
C2S1,2018-12,31,31,100.0
C2S1,2019-01,31,31,100.0
C2S1,2019-02,28,28,100.0
C2S1,2019-03,31,31,100.0
C2S1,2019-04,1,30,3.33
C2S10,2018-10,7,31,22.58
C2S10,2018-11,30,30,100.0
C2S10,2018-12,31,31,100.0
C2S10,2019-01,31,31,100.0
C2S10,2019-02,28,28,100.0
C2S10,2019-03,27,31,87.1
C2S101,2018-08,31,31,100.0
C2S101,2018-09,30,30,100.0
C2S101,2018-10,31,31,100.0
C2S101,2018-11,30,30,100.0
C2S101,2018-12,31,31,100.0
C2S101,2019-01,31,31,100.0
C2S101,2019-02,28,28,100.0
C2S101,2019-03,31,31,100.0
C2S101,2019-04,1,30,3.33
C2S102,2019-03,9,31,29.03
C2S104,2018-08,31,31,100.0
C2S104,2018-09,30,30,100.0
C2S104,2018-10,31,31,100.0
C2S104,2018-11,30,30,100.0
C2S104,2018-12,31,31,100.0
C2S104,2019-01,31,31,100.0
C2S104,2019-02,28,28,100.0
C2S104,2019-03,31,31,100.0
C2S104,2019-04,1,30,3.33
C2S105,2019-03,9,31,29.03
C2S106,2018-08,31,31,100.0
C2S106,2018-09,30,30,100.0
C2S106,2018-10,31,31,100.0
C2S106,2018-11,30,30,100.0
C2S106,2018-12,31,31,100.0
C2S106,2019-01,31,31,100.0
C2S106,2019-02,28,28,100.0
C2S106,2019-03,31,31,100.0
C2S106,2019-04,1,30,3.33
C2S107,2018-08,31,31,100.0
C2S107,2018-09,30,30,100.0
C2S107,2018-10,31,31,100.0
C2S107,2018-11,30,30,100.0
C2S107,2018-12,31,31,100.0
C2S107,2019-01,31,31,100.0
C2S107,2019-02,28,28,100.0
C2S107,2019-03,31,31,100.0
C2S107,2019-04,1,30,3.33
C2S108,2018-08,31,31,100.0
C2S108,2018-09,30,30,100.0
C2S108,2018-10,31,31,100.0
C2S108,2018-11,30,30,100.0
C2S108,2018-12,31,31,100.0
C2S108,2019-01,31,31,100.0
C2S108,2019-02,28,28,100.0
C2S108,2019-03,31,31,100.0
C2S108,2019-04,1,30,3.33
C2S109,2018-08,31,31,100.0
C2S109,2018-09,30,30,100.0
C2S109,2018-10,31,31,100.0
C2S109,2018-11,30,30,100.0
C2S109,2018-12,31,31,100.0
C2S109,2019-01,31,31,100.0
C2S109,2019-02,28,28,100.0
C2S109,2019-03,31,31,100.0
C2S109,2019-04,1,30,3.33
C2S11,2018-08,31,31,100.0
C2S11,2018-09,30,30,100.0
C2S11,2018-10,31,31,100.0
C2S11,2018-11,30,30,100.0
C2S11,2018-12,31,31,100.0
C2S11,2019-01,31,31,100.0
C2S11,2019-02,28,28,100.0
C2S11,2019-03,31,31,100.0
C2S11,2019-04,1,30,3.33
C2S110,2019-03,9,31,29.03
C2S111,2019-03,9,31,29.03
C2S112,2018-08,31,31,100.0
C2S112,2018-09,30,30,100.0
C2S112,2018-10,31,31,100.0
C2S112,2018-11,30,30,100.0
C2S112,2018-12,31,31,100.0
C2S112,2019-01,31,31,100.0
C2S112,2019-02,28,28,100.0
C2S112,2019-03,31,31,100.0
C2S112,2019-04,1,30,3.33
C2S113,2018-08,31,31,100.0
C2S113,2018-09,30,30,100.0
C2S113,2018-10,31,31,100.0
C2S113,2018-11,30,30,100.0
C2S113,2018-12,31,31,100.0
C2S113,2019-01,31,31,100.0
C2S113,2019-02,28,28,100.0
C2S113,2019-03,31,31,100.0
C2S113,2019-04,1,30,3.33
C2S114,2018-08,31,31,100.0
C2S114,2018-09,30,30,100.0
C2S114,2018-10,31,31,100.0
C2S114,2018-11,30,30,100.0
C2S114,2018-12,31,31,100.0
C2S114,2019-01,31,31,100.0
C2S114,2019-02,28,28,100.0
C2S114,2019-03,31,31,100.0
C2S114,2019-04,1,30,3.33
C2S115,2018-08,31,31,100.0
C2S115,2018-09,30,30,100.0
C2S115,2018-10,31,31,100.0
C2S115,2018-11,30,30,100.0
C2S115,2018-12,31,31,100.0
C2S115,2019-01,31,31,100.0
C2S115,2019-02,28,28,100.0
C2S115,2019-03,31,31,100.0
C2S115,2019-04,1,30,3.33
C2S116,2018-09,30,30,100.0
C2S116,2018-10,31,31,100.0
C2S116,2018-11,30,30,100.0
C2S116,2018-12,31,31,100.0
C2S116,2019-01,31,31,100.0
C2S116,2019-02,28,28,100.0
C2S116,2019-03,31,31,100.0
C2S116,2019-04,1,30,3.33
C2S117,2018-09,30,30,100.0
C2S117,2018-10,31,31,100.0
C2S117,2018-11,30,30,100.0
C2S117,2018-12,31,31,100.0
C2S117,2019-01,31,31,100.0
C2S117,2019-02,28,28,100.0
C2S117,2019-03,31,31,100.0
C2S117,2019-04,1,30,3.33
C2S118,2018-09,30,30,100.0
C2S118,2018-10,31,31,100.0
C2S118,2018-11,30,30,100.0
C2S118,2018-12,31,31,100.0
C2S118,2019-01,31,31,100.0
C2S118,2019-02,28,28,100.0
C2S118,2019-03,31,31,100.0
C2S118,2019-04,1,30,3.33
C2S119,2018-09,30,30,100.0
C2S119,2018-10,31,31,100.0
C2S119,2018-11,30,30,100.0
C2S119,2018-12,31,31,100.0
C2S119,2019-01,31,31,100.0
C2S119,2019-02,28,28,100.0
C2S119,2019-03,31,31,100.0
C2S119,2019-04,1,30,3.33
C2S12,2018-08,31,31,100.0
C2S12,2018-09,30,30,100.0
C2S12,2018-10,31,31,100.0
C2S12,2018-11,30,30,100.0
C2S12,2018-12,31,31,100.0
C2S12,2019-01,31,31,100.0
C2S12,2019-02,28,28,100.0
C2S12,2019-03,31,31,100.0
C2S12,2019-04,1,30,3.33
C2S120,2018-09,30,30,100.0
C2S120,2018-10,31,31,100.0
C2S120,2018-11,30,30,100.0
C2S120,2018-12,31,31,100.0
C2S120,2019-01,31,31,100.0
C2S120,2019-02,28,28,100.0
C2S120,2019-03,31,31,100.0
C2S120,2019-04,1,30,3.33
C2S121,2018-09,30,30,100.0
C2S121,2018-10,31,31,100.0
C2S121,2018-11,30,30,100.0
C2S121,2018-12,31,31,100.0
C2S121,2019-01,31,31,100.0
C2S121,2019-02,28,28,100.0
C2S121,2019-03,31,31,100.0
C2S121,2019-04,1,30,3.33
C2S122,2018-09,30,30,100.0
C2S122,2018-10,31,31,100.0
C2S122,2018-11,30,30,100.0
C2S122,2018-12,31,31,100.0
C2S122,2019-01,31,31,100.0
C2S122,2019-02,28,28,100.0
C2S122,2019-03,31,31,100.0
C2S122,2019-04,1,30,3.33
C2S123,2018-09,30,30,100.0
C2S123,2018-10,31,31,100.0
C2S123,2018-11,30,30,100.0
C2S123,2018-12,31,31,100.0
C2S123,2019-01,31,31,100.0
C2S123,2019-02,28,28,100.0
C2S123,2019-03,31,31,100.0
C2S123,2019-04,1,30,3.33
C2S124,2018-09,30,30,100.0
C2S124,2018-10,31,31,100.0
C2S124,2018-11,30,30,100.0
C2S124,2018-12,31,31,100.0
C2S124,2019-01,31,31,100.0
C2S124,2019-02,28,28,100.0
C2S124,2019-03,31,31,100.0
C2S124,2019-04,1,30,3.33
C2S125,2019-03,9,31,29.03
C2S126,2018-09,30,30,100.0
C2S126,2018-10,31,31,100.0
C2S126,2018-11,30,30,100.0
C2S126,2018-12,31,31,100.0
C2S126,2019-01,31,31,100.0
C2S126,2019-02,28,28,100.0
C2S126,2019-03,31,31,100.0
C2S126,2019-04,1,30,3.33
C2S127,2018-08,31,31,100.0
C2S127,2018-09,30,30,100.0
C2S127,2018-10,31,31,100.0
C2S127,2018-11,30,30,100.0
C2S127,2018-12,31,31,100.0
C2S127,2019-01,31,31,100.0
C2S127,2019-02,28,28,100.0
C2S127,2019-03,31,31,100.0
C2S127,2019-04,1,30,3.33
C2S128,2018-08,31,31,100.0
C2S128,2018-09,30,30,100.0
C2S128,2018-10,31,31,100.0
C2S128,2018-11,30,30,100.0
C2S128,2018-12,31,31,100.0
C2S128,2019-01,31,31,100.0
C2S128,2019-02,28,28,100.0
C2S128,2019-03,31,31,100.0
C2S128,2019-04,1,30,3.33
C2S129,2018-08,31,31,100.0
C2S129,2018-09,30,30,100.0
C2S129,2018-10,31,31,100.0
C2S129,2018-11,30,30,100.0
C2S129,2018-12,31,31,100.0
C2S129,2019-01,31,31,100.0
C2S129,2019-02,28,28,100.0
C2S129,2019-03,31,31,100.0
C2S129,2019-04,1,30,3.33
C2S13,2018-08,31,31,100.0
C2S13,2018-09,30,30,100.0
C2S13,2018-10,31,31,100.0
C2S13,2018-11,30,30,100.0
C2S13,2018-12,31,31,100.0
C2S13,2019-01,31,31,100.0
C2S13,2019-02,28,28,100.0
C2S13,2019-03,31,31,100.0
C2S13,2019-04,1,30,3.33
C2S130,2018-08,31,31,100.0
C2S130,2018-09,30,30,100.0
C2S130,2018-10,31,31,100.0
C2S130,2018-11,30,30,100.0
C2S130,2018-12,31,31,100.0
C2S130,2019-01,31,31,100.0
C2S130,2019-02,28,28,100.0
C2S130,2019-03,31,31,100.0
C2S130,2019-04,1,30,3.33
C2S131,2018-08,31,31,100.0
C2S131,2018-09,30,30,100.0
C2S131,2018-10,31,31,100.0
C2S131,2018-11,30,30,100.0
C2S131,2018-12,31,31,100.0
C2S131,2019-01,31,31,100.0
C2S131,2019-02,28,28,100.0
C2S131,2019-03,31,31,100.0
C2S131,2019-04,1,30,3.33
C2S132,2019-03,9,31,29.03
C2S133,2018-09,30,30,100.0
C2S133,2018-10,31,31,100.0
C2S133,2018-11,30,30,100.0
C2S133,2018-12,31,31,100.0
C2S133,2019-01,31,31,100.0
C2S133,2019-02,28,28,100.0
C2S133,2019-03,31,31,100.0
C2S133,2019-04,1,30,3.33
C2S134,2019-03,9,31,29.03
C2S135,2018-08,31,31,100.0
C2S135,2018-09,30,30,100.0
C2S135,2018-10,31,31,100.0
C2S135,2018-11,30,30,100.0
C2S135,2018-12,31,31,100.0
C2S135,2019-01,31,31,100.0
C2S135,2019-02,28,28,100.0
C2S135,2019-03,31,31,100.0
C2S135,2019-04,1,30,3.33
C2S136,2019-03,9,31,29.03
C2S137,2018-08,31,31,100.0
C2S137,2018-09,30,30,100.0
C2S137,2018-10,31,31,100.0
C2S137,2018-11,30,30,100.0
C2S137,2018-12,31,31,100.0
C2S137,2019-01,31,31,100.0
C2S137,2019-02,28,28,100.0
C2S137,2019-03,31,31,100.0
C2S137,2019-04,1,30,3.33
C2S138,2018-08,31,31,100.0
C2S138,2018-09,30,30,100.0
C2S138,2018-10,31,31,100.0
C2S138,2018-11,30,30,100.0
C2S138,2018-12,31,31,100.0
C2S138,2019-01,31,31,100.0
C2S138,2019-02,28,28,100.0
C2S138,2019-03,31,31,100.0
C2S138,2019-04,1,30,3.33
C2S14,2018-08,31,31,100.0
C2S14,2018-09,30,30,100.0
C2S14,2018-10,31,31,100.0
C2S14,2018-11,30,30,100.0
C2S14,2018-12,31,31,100.0
C2S14,2019-01,31,31,100.0
C2S14,2019-02,28,28,100.0
C2S14,2019-03,31,31,100.0
C2S14,2019-04,1,30,3.33
C2S140,2019-03,9,31,29.03
C2S141,2018-08,31,31,100.0
C2S141,2018-09,30,30,100.0
C2S141,2018-10,31,31,100.0
C2S141,2018-11,30,30,100.0
C2S141,2018-12,31,31,100.0
C2S141,2019-01,31,31,100.0
C2S141,2019-02,28,28,100.0
C2S141,2019-03,31,31,100.0
C2S141,2019-04,1,30,3.33
C2S142,2019-03,9,31,29.03
C2S143,2018-08,31,31,100.0
C2S143,2018-09,30,30,100.0
C2S143,2018-10,31,31,100.0
C2S143,2018-11,30,30,100.0
C2S143,2018-12,31,31,100.0
C2S143,2019-01,31,31,100.0
C2S143,2019-02,28,28,100.0
C2S143,2019-03,31,31,100.0
C2S143,2019-04,1,30,3.33
C2S144,2018-08,31,31,100.0
C2S144,2018-09,30,30,100.0
C2S144,2018-10,31,31,100.0
C2S144,2018-11,30,30,100.0
C2S144,2018-12,31,31,100.0
C2S144,2019-01,31,31,100.0
C2S144,2019-02,28,28,100.0
C2S144,2019-03,31,31,100.0
C2S144,2019-04,1,30,3.33
C2S145,2018-08,31,31,100.0
C2S145,2018-09,30,30,100.0
C2S145,2018-10,31,31,100.0
C2S145,2018-11,30,30,100.0
C2S145,2018-12,31,31,100.0
C2S145,2019-01,31,31,100.0
C2S145,2019-02,28,28,100.0
C2S145,2019-03,31,31,100.0
C2S145,2019-04,1,30,3.33
C2S146,2018-08,31,31,100.0
C2S146,2018-09,30,30,100.0
C2S146,2018-10,31,31,100.0
C2S146,2018-11,30,30,100.0
C2S146,2018-12,31,31,100.0
C2S146,2019-01,31,31,100.0
C2S146,2019-02,28,28,100.0
C2S146,2019-03,31,31,100.0
C2S146,2019-04,1,30,3.33
C2S147,2018-08,31,31,100.0
C2S147,2018-09,30,30,100.0
C2S147,2018-10,31,31,100.0
C2S147,2018-11,30,30,100.0
C2S147,2018-12,31,31,100.0
C2S147,2019-01,31,31,100.0
C2S147,2019-02,28,28,100.0
C2S147,2019-03,31,31,100.0
C2S147,2019-04,1,30,3.33
C2S148,2018-08,31,31,100.0
C2S148,2018-09,30,30,100.0
C2S148,2018-10,31,31,100.0
C2S148,2018-11,30,30,100.0
C2S148,2018-12,31,31,100.0
C2S148,2019-01,31,31,100.0
C2S148,2019-02,28,28,100.0
C2S148,2019-03,31,31,100.0
C2S148,2019-04,1,30,3.33
C2S149,2018-08,31,31,100.0
C2S149,2018-09,30,30,100.0
C2S149,2018-10,31,31,100.0
C2S149,2018-11,30,30,100.0
C2S149,2018-12,31,31,100.0
C2S149,2019-01,31,31,100.0
C2S149,2019-02,28,28,100.0
C2S149,2019-03,31,31,100.0
C2S149,2019-04,1,30,3.33
C2S15,2018-08,31,31,100.0
C2S15,2018-09,30,30,100.0
C2S15,2018-10,31,31,100.0
C2S15,2018-11,30,30,100.0
C2S15,2018-12,31,31,100.0
C2S15,2019-01,31,31,100.0
C2S15,2019-02,28,28,100.0
C2S15,2019-03,31,31,100.0
C2S15,2019-04,1,30,3.33
C2S150,2018-08,31,31,100.0
C2S150,2018-09,30,30,100.0
C2S150,2018-10,31,31,100.0
C2S150,2018-11,30,30,100.0
C2S150,2018-12,31,31,100.0
C2S150,2019-01,31,31,100.0
C2S150,2019-02,28,28,100.0
C2S150,2019-03,31,31,100.0
C2S150,2019-04,1,30,3.33
C2S151,2018-08,31,31,100.0
C2S151,2018-09,30,30,100.0
C2S151,2018-10,31,31,100.0
C2S151,2018-11,30,30,100.0
C2S151,2018-12,31,31,100.0
C2S151,2019-01,31,31,100.0
C2S151,2019-02,28,28,100.0
C2S151,2019-03,31,31,100.0
C2S151,2019-04,1,30,3.33
C2S152,2018-08,31,31,100.0
C2S152,2018-09,30,30,100.0
C2S152,2018-10,31,31,100.0
C2S152,2018-11,30,30,100.0
C2S152,2018-12,31,31,100.0
C2S152,2019-01,31,31,100.0
C2S152,2019-02,28,28,100.0
C2S152,2019-03,31,31,100.0
C2S152,2019-04,1,30,3.33
C2S153,2018-08,31,31,100.0
C2S153,2018-09,30,30,100.0
C2S153,2018-10,31,31,100.0
C2S153,2018-11,30,30,100.0
C2S153,2018-12,31,31,100.0
C2S153,2019-01,31,31,100.0
C2S153,2019-02,28,28,100.0
C2S153,2019-03,31,31,100.0
C2S153,2019-04,1,30,3.33
C2S155,2018-08,31,31,100.0
C2S155,2018-09,30,30,100.0
C2S155,2018-10,31,31,100.0
C2S155,2018-11,30,30,100.0
C2S155,2018-12,31,31,100.0
C2S155,2019-01,31,31,100.0
C2S155,2019-02,28,28,100.0
C2S155,2019-03,31,31,100.0
C2S155,2019-04,1,30,3.33
C2S156,2018-08,31,31,100.0
C2S156,2018-09,30,30,100.0
C2S156,2018-10,31,31,100.0
C2S156,2018-11,30,30,100.0
C2S156,2018-12,31,31,100.0
C2S156,2019-01,31,31,100.0
C2S156,2019-02,28,28,100.0
C2S156,2019-03,31,31,100.0
C2S156,2019-04,1,30,3.33
C2S157,2018-08,31,31,100.0
C2S157,2018-09,30,30,100.0
C2S157,2018-10,31,31,100.0
C2S157,2018-11,30,30,100.0
C2S157,2018-12,31,31,100.0
C2S157,2019-01,31,31,100.0
C2S157,2019-02,28,28,100.0
C2S157,2019-03,31,31,100.0
C2S157,2019-04,1,30,3.33
C2S158,2018-08,31,31,100.0
C2S158,2018-09,30,30,100.0
C2S158,2018-10,31,31,100.0
C2S158,2018-11,30,30,100.0
C2S158,2018-12,31,31,100.0
C2S158,2019-01,31,31,100.0
C2S158,2019-02,28,28,100.0
C2S158,2019-03,31,31,100.0
C2S158,2019-04,1,30,3.33
C2S159,2018-08,31,31,100.0
C2S159,2018-09,30,30,100.0
C2S159,2018-10,31,31,100.0
C2S159,2018-11,30,30,100.0
C2S159,2018-12,31,31,100.0
C2S159,2019-01,31,31,100.0
C2S159,2019-02,28,28,100.0
C2S159,2019-03,31,31,100.0
C2S159,2019-04,1,30,3.33
C2S16,2018-08,31,31,100.0
C2S16,2018-09,30,30,100.0
C2S16,2018-10,31,31,100.0
C2S16,2018-11,30,30,100.0
C2S16,2018-12,31,31,100.0
C2S16,2019-01,31,31,100.0
C2S16,2019-02,28,28,100.0
C2S16,2019-03,31,31,100.0
C2S16,2019-04,1,30,3.33
C2S161,2019-03,9,31,29.03
C2S162,2018-09,30,30,100.0
C2S162,2018-10,31,31,100.0
C2S162,2018-11,30,30,100.0
C2S162,2018-12,31,31,100.0
C2S162,2019-01,31,31,100.0
C2S162,2019-02,28,28,100.0
C2S162,2019-03,31,31,100.0
C2S162,2019-04,1,30,3.33
C2S163,2019-03,9,31,29.03
C2S164,2018-08,31,31,100.0
C2S164,2018-09,30,30,100.0
C2S164,2018-10,31,31,100.0
C2S164,2018-11,30,30,100.0
C2S164,2018-12,31,31,100.0
C2S164,2019-01,31,31,100.0
C2S164,2019-02,28,28,100.0
C2S164,2019-03,31,31,100.0
C2S164,2019-04,1,30,3.33
C2S17,2018-08,31,31,100.0
C2S17,2018-09,30,30,100.0
C2S17,2018-10,31,31,100.0
C2S17,2018-11,30,30,100.0
C2S17,2018-12,31,31,100.0
C2S17,2019-01,31,31,100.0
C2S17,2019-02,28,28,100.0
C2S17,2019-03,31,31,100.0
C2S17,2019-04,1,30,3.33
C2S18,2018-08,31,31,100.0
C2S18,2018-09,30,30,100.0
C2S18,2018-10,31,31,100.0
C2S18,2018-11,30,30,100.0
C2S18,2018-12,31,31,100.0
C2S18,2019-01,31,31,100.0
C2S18,2019-02,28,28,100.0
C2S18,2019-03,31,31,100.0
C2S18,2019-04,1,30,3.33
C2S19,2018-08,31,31,100.0
C2S19,2018-09,30,30,100.0
C2S19,2018-10,31,31,100.0
C2S19,2018-11,30,30,100.0
C2S19,2018-12,31,31,100.0
C2S19,2019-01,31,31,100.0
C2S19,2019-02,28,28,100.0
C2S19,2019-03,31,31,100.0
C2S19,2019-04,1,30,3.33
C2S2,2018-08,31,31,100.0
C2S2,2018-09,30,30,100.0
C2S2,2018-10,31,31,100.0
C2S2,2018-11,30,30,100.0
C2S2,2018-12,31,31,100.0
C2S2,2019-01,31,31,100.0
C2S2,2019-02,28,28,100.0
C2S2,2019-03,31,31,100.0
C2S2,2019-04,1,30,3.33
C2S20,2018-08,31,31,100.0
C2S20,2018-09,30,30,100.0
C2S20,2018-10,31,31,100.0
C2S20,2018-11,30,30,100.0
C2S20,2018-12,31,31,100.0
C2S20,2019-01,31,31,100.0
C2S20,2019-02,28,28,100.0
C2S20,2019-03,31,31,100.0
C2S20,2019-04,1,30,3.33
C2S21,2018-08,31,31,100.0
C2S21,2018-09,30,30,100.0
C2S21,2018-10,31,31,100.0
C2S21,2018-11,30,30,100.0
C2S21,2018-12,31,31,100.0
C2S21,2019-01,31,31,100.0
C2S21,2019-02,28,28,100.0
C2S21,2019-03,31,31,100.0
C2S21,2019-04,1,30,3.33
C2S22,2018-08,31,31,100.0
C2S22,2018-09,30,30,100.0
C2S22,2018-10,31,31,100.0
C2S22,2018-11,30,30,100.0
C2S22,2018-12,31,31,100.0
C2S22,2019-01,31,31,100.0
C2S22,2019-02,28,28,100.0
C2S22,2019-03,31,31,100.0
C2S22,2019-04,1,30,3.33
C2S23,2019-03,4,31,12.9
C2S24,2018-09,30,30,100.0
C2S24,2018-10,31,31,100.0
C2S24,2018-11,30,30,100.0
C2S24,2018-12,31,31,100.0
C2S24,2019-01,31,31,100.0
C2S24,2019-02,28,28,100.0
C2S24,2019-03,31,31,100.0
C2S24,2019-04,1,30,3.33
C2S25,2018-08,31,31,100.0
C2S25,2018-09,30,30,100.0
C2S25,2018-10,31,31,100.0
C2S25,2018-11,30,30,100.0
C2S25,2018-12,31,31,100.0
C2S25,2019-01,31,31,100.0
C2S25,2019-02,28,28,100.0
C2S25,2019-03,31,31,100.0
C2S25,2019-04,1,30,3.33
C2S26,2018-08,31,31,100.0
C2S26,2018-09,30,30,100.0
C2S26,2018-10,31,31,100.0
C2S26,2018-11,30,30,100.0
C2S26,2018-12,31,31,100.0
C2S26,2019-01,31,31,100.0
C2S26,2019-02,28,28,100.0
C2S26,2019-03,31,31,100.0
C2S26,2019-04,1,30,3.33
C2S27,2018-08,31,31,100.0
C2S27,2018-09,30,30,100.0
C2S27,2018-10,31,31,100.0
C2S27,2018-11,30,30,100.0
C2S27,2018-12,31,31,100.0
C2S27,2019-01,31,31,100.0
C2S27,2019-02,28,28,100.0
C2S27,2019-03,31,31,100.0
C2S27,2019-04,1,30,3.33
C2S28,2018-08,31,31,100.0
C2S28,2018-09,30,30,100.0
C2S28,2018-10,31,31,100.0
C2S28,2018-11,30,30,100.0
C2S28,2018-12,31,31,100.0
C2S28,2019-01,31,31,100.0
C2S28,2019-02,28,28,100.0
C2S28,2019-03,31,31,100.0
C2S28,2019-04,1,30,3.33
C2S29,2018-08,31,31,100.0
C2S29,2018-09,30,30,100.0
C2S29,2018-10,31,31,100.0
C2S29,2018-11,30,30,100.0
C2S29,2018-12,31,31,100.0
C2S29,2019-01,31,31,100.0
C2S29,2019-02,28,28,100.0
C2S29,2019-03,31,31,100.0
C2S29,2019-04,1,30,3.33
C2S3,2018-08,31,31,100.0
C2S3,2018-09,30,30,100.0
C2S3,2018-10,31,31,100.0
C2S3,2018-11,30,30,100.0
C2S3,2018-12,31,31,100.0
C2S3,2019-01,31,31,100.0
C2S3,2019-02,28,28,100.0
C2S3,2019-03,31,31,100.0
C2S3,2019-04,1,30,3.33
C2S30,2018-08,31,31,100.0
C2S30,2018-09,30,30,100.0
C2S30,2018-10,31,31,100.0
C2S30,2018-11,30,30,100.0
C2S30,2018-12,31,31,100.0
C2S30,2019-01,31,31,100.0
C2S30,2019-02,28,28,100.0
C2S30,2019-03,31,31,100.0
C2S30,2019-04,1,30,3.33
C2S31,2018-08,31,31,100.0
C2S31,2018-09,30,30,100.0
C2S31,2018-10,31,31,100.0
C2S31,2018-11,30,30,100.0
C2S31,2018-12,31,31,100.0
C2S31,2019-01,31,31,100.0
C2S31,2019-02,28,28,100.0
C2S31,2019-03,31,31,100.0
C2S31,2019-04,1,30,3.33
C2S32,2018-08,31,31,100.0
C2S32,2018-09,30,30,100.0
C2S32,2018-10,31,31,100.0
C2S32,2018-11,30,30,100.0
C2S32,2018-12,31,31,100.0
C2S32,2019-01,31,31,100.0
C2S32,2019-02,28,28,100.0
C2S32,2019-03,31,31,100.0
C2S32,2019-04,1,30,3.33
C2S33,2018-08,31,31,100.0
C2S33,2018-09,30,30,100.0
C2S33,2018-10,31,31,100.0
C2S33,2018-11,30,30,100.0
C2S33,2018-12,31,31,100.0
C2S33,2019-01,31,31,100.0
C2S33,2019-02,28,28,100.0
C2S33,2019-03,31,31,100.0
C2S33,2019-04,1,30,3.33
C2S34,2019-03,31,31,100.0
C2S34,2019-04,1,30,3.33
C2S35,2018-08,31,31,100.0
C2S35,2018-09,30,30,100.0
C2S35,2018-10,31,31,100.0
C2S35,2018-11,30,30,100.0
C2S35,2018-12,31,31,100.0
C2S35,2019-01,31,31,100.0
C2S35,2019-02,28,28,100.0
C2S35,2019-03,31,31,100.0
C2S35,2019-04,1,30,3.33
C2S36,2018-08,31,31,100.0
C2S36,2018-09,30,30,100.0
C2S36,2018-10,31,31,100.0
C2S36,2018-11,30,30,100.0
C2S36,2018-12,31,31,100.0
C2S36,2019-01,31,31,100.0
C2S36,2019-02,28,28,100.0
C2S36,2019-03,31,31,100.0
C2S36,2019-04,1,30,3.33
C2S37,2018-08,31,31,100.0
C2S37,2018-09,30,30,100.0
C2S37,2018-10,31,31,100.0
C2S37,2018-11,30,30,100.0
C2S37,2018-12,31,31,100.0
C2S37,2019-01,31,31,100.0
C2S37,2019-02,28,28,100.0
C2S37,2019-03,31,31,100.0
C2S37,2019-04,1,30,3.33
C2S39,2018-08,31,31,100.0
C2S39,2018-09,30,30,100.0
C2S39,2018-10,31,31,100.0
C2S39,2018-11,30,30,100.0
C2S39,2018-12,31,31,100.0
C2S39,2019-01,31,31,100.0
C2S39,2019-02,28,28,100.0
C2S39,2019-03,31,31,100.0
C2S39,2019-04,1,30,3.33
C2S4,2018-08,31,31,100.0
C2S4,2018-09,30,30,100.0
C2S4,2018-10,31,31,100.0
C2S4,2018-11,30,30,100.0
C2S4,2018-12,31,31,100.0
C2S4,2019-01,31,31,100.0
C2S4,2019-02,28,28,100.0
C2S4,2019-03,31,31,100.0
C2S4,2019-04,1,30,3.33
C2S40,2018-08,31,31,100.0
C2S40,2018-09,30,30,100.0
C2S40,2018-10,31,31,100.0
C2S40,2018-11,30,30,100.0
C2S40,2018-12,31,31,100.0
C2S40,2019-01,31,31,100.0
C2S40,2019-02,28,28,100.0
C2S40,2019-03,31,31,100.0
C2S40,2019-04,1,30,3.33
C2S41,2018-08,31,31,100.0
C2S41,2018-09,30,30,100.0
C2S41,2018-10,31,31,100.0
C2S41,2018-11,30,30,100.0
C2S41,2018-12,31,31,100.0
C2S41,2019-01,31,31,100.0
C2S41,2019-02,28,28,100.0
C2S41,2019-03,31,31,100.0
C2S41,2019-04,1,30,3.33
C2S42,2019-03,31,31,100.0
C2S42,2019-04,1,30,3.33
C2S43,2018-08,31,31,100.0
C2S43,2018-09,30,30,100.0
C2S43,2018-10,31,31,100.0
C2S43,2018-11,30,30,100.0
C2S43,2018-12,31,31,100.0
C2S43,2019-01,31,31,100.0
C2S43,2019-02,28,28,100.0
C2S43,2019-03,31,31,100.0
C2S43,2019-04,1,30,3.33
C2S44,2018-08,31,31,100.0
C2S44,2018-09,30,30,100.0
C2S44,2018-10,31,31,100.0
C2S44,2018-11,30,30,100.0
C2S44,2018-12,31,31,100.0
C2S44,2019-01,31,31,100.0
C2S44,2019-02,28,28,100.0
C2S44,2019-03,31,31,100.0
C2S44,2019-04,1,30,3.33
C2S45,2018-08,31,31,100.0
C2S45,2018-09,30,30,100.0
C2S45,2018-10,31,31,100.0
C2S45,2018-11,30,30,100.0
C2S45,2018-12,31,31,100.0
C2S45,2019-01,31,31,100.0
C2S45,2019-02,28,28,100.0
C2S45,2019-03,31,31,100.0
C2S45,2019-04,1,30,3.33
C2S46,2018-08,31,31,100.0
C2S46,2018-09,30,30,100.0
C2S46,2018-10,31,31,100.0
C2S46,2018-11,30,30,100.0
C2S46,2018-12,31,31,100.0
C2S46,2019-01,31,31,100.0
C2S46,2019-02,28,28,100.0
C2S46,2019-03,31,31,100.0
C2S46,2019-04,1,30,3.33
C2S47,2018-08,31,31,100.0
C2S47,2018-09,30,30,100.0
C2S47,2018-10,31,31,100.0
C2S47,2018-11,30,30,100.0
C2S47,2018-12,31,31,100.0
C2S47,2019-01,31,31,100.0
C2S47,2019-02,28,28,100.0
C2S47,2019-03,31,31,100.0
C2S47,2019-04,1,30,3.33
C2S48,2018-08,31,31,100.0
C2S48,2018-09,30,30,100.0
C2S48,2018-10,31,31,100.0
C2S48,2018-11,30,30,100.0
C2S48,2018-12,31,31,100.0
C2S48,2019-01,31,31,100.0
C2S48,2019-02,28,28,100.0
C2S48,2019-03,31,31,100.0
C2S48,2019-04,1,30,3.33
C2S49,2018-08,31,31,100.0
C2S49,2018-09,30,30,100.0
C2S49,2018-10,31,31,100.0
C2S49,2018-11,30,30,100.0
C2S49,2018-12,31,31,100.0
C2S49,2019-01,31,31,100.0
C2S49,2019-02,28,28,100.0
C2S49,2019-03,31,31,100.0
C2S49,2019-04,1,30,3.33
C2S5,2018-08,31,31,100.0
C2S5,2018-09,30,30,100.0
C2S5,2018-10,31,31,100.0
C2S5,2018-11,30,30,100.0
C2S5,2018-12,31,31,100.0
C2S5,2019-01,31,31,100.0
C2S5,2019-02,28,28,100.0
C2S5,2019-03,31,31,100.0
C2S5,2019-04,1,30,3.33
C2S50,2018-08,31,31,100.0
C2S50,2018-09,30,30,100.0
C2S50,2018-10,31,31,100.0
C2S50,2018-11,30,30,100.0
C2S50,2018-12,31,31,100.0
C2S50,2019-01,31,31,100.0
C2S50,2019-02,28,28,100.0
C2S50,2019-03,31,31,100.0
C2S50,2019-04,1,30,3.33
C2S51,2018-12,25,31,80.65
C2S51,2019-01,31,31,100.0
C2S51,2019-02,28,28,100.0
C2S51,2019-03,31,31,100.0
C2S51,2019-04,1,30,3.33
C2S52,2018-09,30,30,100.0
C2S52,2018-10,31,31,100.0
C2S52,2018-11,30,30,100.0
C2S52,2018-12,31,31,100.0
C2S52,2019-01,31,31,100.0
C2S52,2019-02,28,28,100.0
C2S52,2019-03,31,31,100.0
C2S52,2019-04,1,30,3.33
C2S53,2018-09,30,30,100.0
C2S53,2018-10,31,31,100.0
C2S53,2018-11,30,30,100.0
C2S53,2018-12,31,31,100.0
C2S53,2019-01,31,31,100.0
C2S53,2019-02,28,28,100.0
C2S53,2019-03,31,31,100.0
C2S53,2019-04,1,30,3.33
C2S54,2018-08,31,31,100.0
C2S54,2018-09,30,30,100.0
C2S54,2018-10,31,31,100.0
C2S54,2018-11,30,30,100.0
C2S54,2018-12,31,31,100.0
C2S54,2019-01,31,31,100.0
C2S54,2019-02,28,28,100.0
C2S54,2019-03,31,31,100.0
C2S54,2019-04,1,30,3.33
C2S55,2018-08,31,31,100.0
C2S55,2018-09,30,30,100.0
C2S55,2018-10,31,31,100.0
C2S55,2018-11,30,30,100.0
C2S55,2018-12,31,31,100.0
C2S55,2019-01,31,31,100.0
C2S55,2019-02,28,28,100.0
C2S55,2019-03,31,31,100.0
C2S55,2019-04,1,30,3.33
C2S56,2018-08,31,31,100.0
C2S56,2018-09,30,30,100.0
C2S56,2018-10,31,31,100.0
C2S56,2018-11,30,30,100.0
C2S56,2018-12,31,31,100.0
C2S56,2019-01,31,31,100.0
C2S56,2019-02,28,28,100.0
C2S56,2019-03,31,31,100.0
C2S56,2019-04,1,30,3.33
C2S57,2018-09,30,30,100.0
C2S57,2018-10,31,31,100.0
C2S57,2018-11,30,30,100.0
C2S57,2018-12,31,31,100.0
C2S57,2019-01,31,31,100.0
C2S57,2019-02,28,28,100.0
C2S57,2019-03,31,31,100.0
C2S57,2019-04,1,30,3.33
C2S58,2018-08,31,31,100.0
C2S58,2018-09,30,30,100.0
C2S58,2018-10,31,31,100.0
C2S58,2018-11,30,30,100.0
C2S58,2018-12,31,31,100.0
C2S58,2019-01,31,31,100.0
C2S58,2019-02,28,28,100.0
C2S58,2019-03,31,31,100.0
C2S58,2019-04,1,30,3.33
C2S59,2018-08,1,31,3.23
C2S6,2018-08,31,31,100.0
C2S6,2018-09,30,30,100.0
C2S6,2018-10,31,31,100.0
C2S6,2018-11,30,30,100.0
C2S6,2018-12,31,31,100.0
C2S6,2019-01,31,31,100.0
C2S6,2019-02,28,28,100.0
C2S6,2019-03,31,31,100.0
C2S6,2019-04,1,30,3.33
C2S62,2018-08,31,31,100.0
C2S62,2018-09,30,30,100.0
C2S62,2018-10,31,31,100.0
C2S62,2018-11,30,30,100.0
C2S62,2018-12,31,31,100.0
C2S62,2019-01,31,31,100.0
C2S62,2019-02,28,28,100.0
C2S62,2019-03,31,31,100.0
C2S62,2019-04,1,30,3.33
C2S64,2019-03,31,31,100.0
C2S64,2019-04,1,30,3.33
C2S65,2018-08,31,31,100.0
C2S65,2018-09,30,30,100.0
C2S65,2018-10,31,31,100.0
C2S65,2018-11,30,30,100.0
C2S65,2018-12,31,31,100.0
C2S65,2019-01,31,31,100.0
C2S65,2019-02,28,28,100.0
C2S65,2019-03,31,31,100.0
C2S65,2019-04,1,30,3.33
C2S66,2018-08,31,31,100.0
C2S66,2018-09,30,30,100.0
C2S66,2018-10,31,31,100.0
C2S66,2018-11,30,30,100.0
C2S66,2018-12,31,31,100.0
C2S66,2019-01,31,31,100.0
C2S66,2019-02,28,28,100.0
C2S66,2019-03,31,31,100.0
C2S66,2019-04,1,30,3.33
C2S67,2018-08,31,31,100.0
C2S67,2018-09,30,30,100.0
C2S67,2018-10,31,31,100.0
C2S67,2018-11,30,30,100.0
C2S67,2018-12,31,31,100.0
C2S67,2019-01,31,31,100.0
C2S67,2019-02,28,28,100.0
C2S67,2019-03,31,31,100.0
C2S67,2019-04,1,30,3.33
C2S68,2018-08,31,31,100.0
C2S68,2018-09,30,30,100.0
C2S68,2018-10,31,31,100.0
C2S68,2018-11,30,30,100.0
C2S68,2018-12,31,31,100.0
C2S68,2019-01,31,31,100.0
C2S68,2019-02,28,28,100.0
C2S68,2019-03,31,31,100.0
C2S68,2019-04,1,30,3.33
C2S69,2019-03,31,31,100.0
C2S69,2019-04,1,30,3.33
C2S7,2018-08,31,31,100.0
C2S7,2018-09,30,30,100.0
C2S7,2018-10,31,31,100.0
C2S7,2018-11,30,30,100.0
C2S7,2018-12,31,31,100.0
C2S7,2019-01,31,31,100.0
C2S7,2019-02,28,28,100.0
C2S7,2019-03,31,31,100.0
C2S7,2019-04,1,30,3.33
C2S73,2018-08,31,31,100.0
C2S73,2018-09,30,30,100.0
C2S73,2018-10,31,31,100.0
C2S73,2018-11,30,30,100.0
C2S73,2018-12,31,31,100.0
C2S73,2019-01,31,31,100.0
C2S73,2019-02,28,28,100.0
C2S73,2019-03,31,31,100.0
C2S73,2019-04,1,30,3.33
C2S8,2018-08,31,31,100.0
C2S8,2018-09,30,30,100.0
C2S8,2018-10,31,31,100.0
C2S8,2018-11,30,30,100.0
C2S8,2018-12,31,31,100.0
C2S8,2019-01,31,31,100.0
C2S8,2019-02,28,28,100.0
C2S8,2019-03,31,31,100.0
C2S8,2019-04,1,30,3.33
C2S80,2018-09,30,30,100.0
C2S80,2018-10,31,31,100.0
C2S80,2018-11,30,30,100.0
C2S80,2018-12,31,31,100.0
C2S80,2019-01,31,31,100.0
C2S80,2019-02,28,28,100.0
C2S80,2019-03,31,31,100.0
C2S80,2019-04,1,30,3.33
C2S83,2018-08,31,31,100.0
C2S83,2018-09,30,30,100.0
C2S83,2018-10,31,31,100.0
C2S83,2018-11,30,30,100.0
C2S83,2018-12,31,31,100.0
C2S83,2019-01,31,31,100.0
C2S83,2019-02,28,28,100.0
C2S83,2019-03,31,31,100.0
C2S83,2019-04,1,30,3.33
C2S84,2018-09,30,30,100.0
C2S84,2018-10,31,31,100.0
C2S84,2018-11,30,30,100.0
C2S84,2018-12,31,31,100.0
C2S84,2019-01,31,31,100.0
C2S84,2019-02,28,28,100.0
C2S84,2019-03,31,31,100.0
C2S84,2019-04,1,30,3.33
C2S85,2018-08,31,31,100.0
C2S85,2018-09,30,30,100.0
C2S85,2018-10,31,31,100.0
C2S85,2018-11,30,30,100.0
C2S85,2018-12,31,31,100.0
C2S85,2019-01,31,31,100.0
C2S85,2019-02,28,28,100.0
C2S85,2019-03,31,31,100.0
C2S85,2019-04,1,30,3.33
C2S86,2018-08,31,31,100.0
C2S86,2018-09,30,30,100.0
C2S86,2018-10,31,31,100.0
C2S86,2018-11,30,30,100.0
C2S86,2018-12,31,31,100.0
C2S86,2019-01,31,31,100.0
C2S86,2019-02,28,28,100.0
C2S86,2019-03,31,31,100.0
C2S86,2019-04,1,30,3.33
C2S87,2018-08,31,31,100.0
C2S87,2018-09,30,30,100.0
C2S87,2018-10,31,31,100.0
C2S87,2018-11,30,30,100.0
C2S87,2018-12,31,31,100.0
C2S87,2019-01,31,31,100.0
C2S87,2019-02,28,28,100.0
C2S87,2019-03,31,31,100.0
C2S87,2019-04,1,30,3.33
C2S88,2019-03,9,31,29.03
C2S89,2019-03,9,31,29.03
C2S9,2018-08,31,31,100.0
C2S9,2018-09,30,30,100.0
C2S9,2018-10,31,31,100.0
C2S9,2018-11,30,30,100.0
C2S9,2018-12,31,31,100.0
C2S9,2019-01,31,31,100.0
C2S9,2019-02,28,28,100.0
C2S9,2019-03,31,31,100.0
C2S9,2019-04,1,30,3.33
C2S90,2018-08,31,31,100.0
C2S90,2018-09,30,30,100.0
C2S90,2018-10,31,31,100.0
C2S90,2018-11,30,30,100.0
C2S90,2018-12,31,31,100.0
C2S90,2019-01,31,31,100.0
C2S90,2019-02,28,28,100.0
C2S90,2019-03,31,31,100.0
C2S90,2019-04,1,30,3.33
C2S91,2019-03,9,31,29.03
C2S92,2018-08,31,31,100.0
C2S92,2018-09,30,30,100.0
C2S92,2018-10,31,31,100.0
C2S92,2018-11,30,30,100.0
C2S92,2018-12,31,31,100.0
C2S92,2019-01,31,31,100.0
C2S92,2019-02,28,28,100.0
C2S92,2019-03,31,31,100.0
C2S92,2019-04,1,30,3.33
C2S93,2018-08,31,31,100.0
C2S93,2018-09,30,30,100.0
C2S93,2018-10,31,31,100.0
C2S93,2018-11,30,30,100.0
C2S93,2018-12,31,31,100.0
C2S93,2019-01,31,31,100.0
C2S93,2019-02,28,28,100.0
C2S93,2019-03,31,31,100.0
C2S93,2019-04,1,30,3.33
C2S94,2018-09,30,30,100.0
C2S94,2018-10,31,31,100.0
C2S94,2018-11,30,30,100.0
C2S94,2018-12,31,31,100.0
C2S94,2019-01,31,31,100.0
C2S94,2019-02,28,28,100.0
C2S94,2019-03,31,31,100.0
C2S94,2019-04,1,30,3.33
C2S95,2018-08,31,31,100.0
C2S95,2018-09,30,30,100.0
C2S95,2018-10,31,31,100.0
C2S95,2018-11,30,30,100.0
C2S95,2018-12,31,31,100.0
C2S95,2019-01,31,31,100.0
C2S95,2019-02,28,28,100.0
C2S95,2019-03,31,31,100.0
C2S95,2019-04,1,30,3.33
C2S96,2018-08,31,31,100.0
C2S96,2018-09,30,30,100.0
C2S96,2018-10,31,31,100.0
C2S96,2018-11,30,30,100.0
C2S96,2018-12,31,31,100.0
C2S96,2019-01,31,31,100.0
C2S96,2019-02,28,28,100.0
C2S96,2019-03,31,31,100.0
C2S96,2019-04,1,30,3.33
C2S97,2019-03,9,31,29.03
C2S98,2018-08,31,31,100.0
C2S98,2018-09,30,30,100.0
C2S98,2018-10,31,31,100.0
C2S98,2018-11,30,30,100.0
C2S98,2018-12,31,31,100.0
C2S98,2019-01,31,31,100.0
C2S98,2019-02,28,28,100.0
C2S98,2019-03,31,31,100.0
C2S98,2019-04,1,30,3.33
C3S151,2018-08,31,31,100.0
C3S151,2018-09,30,30,100.0
C3S151,2018-10,31,31,100.0
C3S151,2018-11,30,30,100.0
C3S151,2018-12,31,31,100.0
C3S151,2019-01,31,31,100.0
C3S151,2019-02,28,28,100.0
C3S151,2019-03,31,31,100.0
C3S151,2019-04,30,30,100.0
C3S211,2018-08,31,31,100.0
C3S211,2018-09,30,30,100.0
C3S211,2018-10,31,31,100.0
C3S211,2018-11,30,30,100.0
C3S211,2018-12,31,31,100.0
C3S211,2019-01,31,31,100.0
C3S211,2019-02,28,28,100.0
C3S211,2019-03,31,31,100.0
C3S211,2019-04,30,30,100.0
C3S255,2018-08,31,31,100.0
C3S255,2018-09,30,30,100.0
C3S255,2018-10,31,31,100.0
C3S255,2018-11,30,30,100.0
C3S255,2018-12,31,31,100.0
C3S255,2019-01,31,31,100.0
C3S255,2019-02,28,28,100.0
C3S255,2019-03,31,31,100.0
C3S255,2019-04,30,30,100.0
C3S261,2018-08,31,31,100.0
C3S261,2018-09,30,30,100.0
C3S261,2018-10,31,31,100.0
C3S261,2018-11,30,30,100.0
C3S261,2018-12,31,31,100.0
C3S261,2019-01,31,31,100.0
C3S261,2019-02,28,28,100.0
C3S261,2019-03,31,31,100.0
C3S261,2019-04,30,30,100.0
C3S262,2018-08,31,31,100.0
C3S262,2018-09,30,30,100.0
C3S262,2018-10,31,31,100.0
C3S262,2018-11,30,30,100.0
C3S262,2018-12,31,31,100.0
C3S262,2019-01,31,31,100.0
C3S262,2019-02,28,28,100.0
C3S262,2019-03,31,31,100.0
C3S262,2019-04,30,30,100.0
C3S272,2018-08,31,31,100.0
C3S272,2018-09,30,30,100.0
C3S272,2018-10,31,31,100.0
C3S272,2018-11,30,30,100.0
C3S272,2018-12,31,31,100.0
C3S272,2019-01,31,31,100.0
C3S272,2019-02,28,28,100.0
C3S272,2019-03,31,31,100.0
C3S272,2019-04,30,30,100.0
C3S275,2018-08,31,31,100.0
C3S275,2018-09,30,30,100.0
C3S275,2018-10,31,31,100.0
C3S275,2018-11,30,30,100.0
C3S275,2018-12,31,31,100.0
C3S275,2019-01,31,31,100.0
C3S275,2019-02,28,28,100.0
C3S275,2019-03,31,31,100.0
C3S275,2019-04,30,30,100.0
C3S279,2018-08,31,31,100.0
C3S279,2018-09,30,30,100.0
C3S279,2018-10,31,31,100.0
C3S279,2018-11,30,30,100.0
C3S279,2018-12,31,31,100.0
C3S279,2019-01,31,31,100.0
C3S279,2019-02,28,28,100.0
C3S279,2019-03,31,31,100.0
C3S279,2019-04,30,30,100.0
C3S28,2018-08,31,31,100.0
C3S28,2018-09,30,30,100.0
C3S28,2018-10,31,31,100.0
C3S28,2018-11,30,30,100.0
C3S28,2018-12,31,31,100.0
C3S28,2019-01,31,31,100.0
C3S28,2019-02,28,28,100.0
C3S28,2019-03,31,31,100.0
C3S28,2019-04,30,30,100.0
C3S283,2018-08,31,31,100.0
C3S283,2018-09,30,30,100.0
C3S283,2018-10,31,31,100.0
C3S283,2018-11,30,30,100.0
C3S283,2018-12,31,31,100.0
C3S283,2019-01,31,31,100.0
C3S283,2019-02,28,28,100.0
C3S283,2019-03,31,31,100.0
C3S283,2019-04,30,30,100.0
C3S29,2018-08,31,31,100.0
C3S29,2018-09,30,30,100.0
C3S29,2018-10,31,31,100.0
C3S29,2018-11,30,30,100.0
C3S29,2018-12,31,31,100.0
C3S29,2019-01,31,31,100.0
C3S29,2019-02,28,28,100.0
C3S29,2019-03,31,31,100.0
C3S29,2019-04,30,30,100.0
C3S296,2018-08,31,31,100.0
C3S296,2018-09,30,30,100.0
C3S296,2018-10,31,31,100.0
C3S296,2018-11,30,30,100.0
C3S296,2018-12,31,31,100.0
C3S296,2019-01,31,31,100.0
C3S296,2019-02,28,28,100.0
C3S296,2019-03,31,31,100.0
C3S296,2019-04,30,30,100.0
C3S30,2018-08,31,31,100.0
C3S30,2018-09,30,30,100.0
C3S30,2018-10,31,31,100.0
C3S30,2018-11,30,30,100.0
C3S30,2018-12,31,31,100.0
C3S30,2019-01,31,31,100.0
C3S30,2019-02,28,28,100.0
C3S30,2019-03,31,31,100.0
C3S30,2019-04,30,30,100.0
C3S31,2018-08,31,31,100.0
C3S31,2018-09,30,30,100.0
C3S31,2018-10,31,31,100.0
C3S31,2018-11,30,30,100.0
C3S31,2018-12,31,31,100.0
C3S31,2019-01,31,31,100.0
C3S31,2019-02,28,28,100.0
C3S31,2019-03,31,31,100.0
C3S31,2019-04,30,30,100.0
C3S32,2018-08,31,31,100.0
C3S32,2018-09,30,30,100.0
C3S32,2018-10,31,31,100.0
C3S32,2018-11,30,30,100.0
C3S32,2018-12,31,31,100.0
C3S32,2019-01,31,31,100.0
C3S32,2019-02,28,28,100.0
C3S32,2019-03,31,31,100.0
C3S32,2019-04,30,30,100.0
C3S33,2018-08,31,31,100.0
C3S33,2018-09,30,30,100.0
C3S33,2018-10,31,31,100.0
C3S33,2018-11,30,30,100.0
C3S33,2018-12,31,31,100.0
C3S33,2019-01,31,31,100.0
C3S33,2019-02,28,28,100.0
C3S33,2019-03,31,31,100.0
C3S33,2019-04,30,30,100.0
C3S34,2018-11,3,30,10.0
C3S34,2018-12,31,31,100.0
C3S34,2019-01,31,31,100.0
C3S34,2019-02,28,28,100.0
C3S34,2019-03,31,31,100.0
C3S34,2019-04,30,30,100.0
C3S343,2018-08,31,31,100.0
C3S343,2018-09,30,30,100.0
C3S343,2018-10,31,31,100.0
C3S343,2018-11,30,30,100.0
C3S343,2018-12,31,31,100.0
C3S343,2019-01,31,31,100.0
C3S343,2019-02,28,28,100.0
C3S343,2019-03,31,31,100.0
C3S343,2019-04,30,30,100.0
C3S35,2018-08,31,31,100.0
C3S35,2018-09,30,30,100.0
C3S35,2018-10,31,31,100.0
C3S35,2018-11,30,30,100.0
C3S35,2018-12,31,31,100.0
C3S35,2019-01,31,31,100.0
C3S35,2019-02,28,28,100.0
C3S35,2019-03,31,31,100.0
C3S35,2019-04,30,30,100.0
C3S36,2018-08,31,31,100.0
C3S36,2018-09,30,30,100.0
C3S36,2018-10,31,31,100.0
C3S36,2018-11,30,30,100.0
C3S36,2018-12,31,31,100.0
C3S36,2019-01,31,31,100.0
C3S36,2019-02,28,28,100.0
C3S36,2019-03,31,31,100.0
C3S36,2019-04,30,30,100.0
C3S37,2018-08,31,31,100.0
C3S37,2018-09,30,30,100.0
C3S37,2018-10,31,31,100.0
C3S37,2018-11,30,30,100.0
C3S37,2018-12,31,31,100.0
C3S37,2019-01,31,31,100.0
C3S37,2019-02,28,28,100.0
C3S37,2019-03,31,31,100.0
C3S37,2019-04,30,30,100.0
C3S38,2018-08,31,31,100.0
C3S38,2018-09,30,30,100.0
C3S38,2018-10,31,31,100.0
C3S38,2018-11,30,30,100.0
C3S38,2018-12,31,31,100.0
C3S38,2019-01,31,31,100.0
C3S38,2019-02,28,28,100.0
C3S38,2019-03,31,31,100.0
C3S38,2019-04,30,30,100.0
C3S39,2018-08,31,31,100.0
C3S39,2018-09,30,30,100.0
C3S39,2018-10,31,31,100.0
C3S39,2018-11,30,30,100.0
C3S39,2018-12,31,31,100.0
C3S39,2019-01,31,31,100.0
C3S39,2019-02,28,28,100.0
C3S39,2019-03,31,31,100.0
C3S39,2019-04,30,30,100.0
C3S40,2018-08,31,31,100.0
C3S40,2018-09,30,30,100.0
C3S40,2018-10,31,31,100.0
C3S40,2018-11,30,30,100.0
C3S40,2018-12,31,31,100.0
C3S40,2019-01,31,31,100.0
C3S40,2019-02,28,28,100.0
C3S40,2019-03,31,31,100.0
C3S40,2019-04,30,30,100.0
P2S1,2018-12,22,31,70.97
P2S1,2019-01,31,31,100.0
P2S1,2019-02,28,28,100.0
P2S1,2019-03,31,31,100.0
P2S1,2019-04,1,30,3.33
